Geo_Code,Prov_Name,CMACA_Name,Topic,Characteristic,Note,Total,Flag_Total,Male,Flag_Male,Female,Flag_Female
1,Canada,,Population and dwelling counts,Population in 2011,1,33476688,+,,...,,...
1,Canada,,Population and dwelling counts,Population in 2006,1,31612897,+,,...,,...
1,Canada,,Population and dwelling counts,2006 to 2011 population change (%),,5.9,,,...,,...
1,Canada,,Population and dwelling counts,Total private dwellings,2,14569633,,,...,,...
1,Canada,,Population and dwelling counts,Private dwellings occupied by usual residents,3,13320614,,,...,,...
1,Canada,,Population and dwelling counts,Population density per square kilometre,,3.7,,,...,,...
1,Canada,,Population and dwelling counts,Land area (square km),,8965121.42,,,...,,...
1,Canada,,Age characteristics,Total population by age groups,4,33476685,,16414225,,17062460,
1,Canada,,Age characteristics,   0 to 4 years,,1877095,,961150,,915945,
1,Canada,,Age characteristics,   5 to 9 years,,1809895,,925965,,883935,
1,Canada,,Age characteristics,   10 to 14 years,,1920355,,983995,,936360,
1,Canada,,Age characteristics,   15 to 19 years,,2178135,,1115845,,1062295,
1,Canada,,Age characteristics,      15 years,,423755,,216765,,206985,
1,Canada,,Age characteristics,      16 years,,432490,,222445,,210045,
1,Canada,,Age characteristics,      17 years,,434060,,223015,,211045,
1,Canada,,Age characteristics,      18 years,,439700,,225050,,214650,
1,Canada,,Age characteristics,      19 years,,448130,,228570,,219560,
1,Canada,,Age characteristics,   20 to 24 years,,2187450,,1108775,,1078670,
1,Canada,,Age characteristics,   25 to 29 years,,2169590,,1077275,,1092315,
1,Canada,,Age characteristics,   30 to 34 years,,2162905,,1058810,,1104095,
1,Canada,,Age characteristics,   35 to 39 years,,2173930,,1064200,,1109735,
1,Canada,,Age characteristics,   40 to 44 years,,2324875,,1141720,,1183155,
1,Canada,,Age characteristics,   45 to 49 years,,2675130,,1318715,,1356420,
1,Canada,,Age characteristics,   50 to 54 years,,2658965,,1309030,,1349940,
1,Canada,,Age characteristics,   55 to 59 years,,2340635,,1147300,,1193335,
1,Canada,,Age characteristics,   60 to 64 years,,2052670,,1002690,,1049985,
1,Canada,,Age characteristics,   65 to 69 years,,1521715,,738010,,783705,
1,Canada,,Age characteristics,   70 to 74 years,,1153065,,543435,,609630,
1,Canada,,Age characteristics,   75 to 79 years,,922700,,417945,,504755,
1,Canada,,Age characteristics,   80 to 84 years,,702070,,291085,,410985,
1,Canada,,Age characteristics,   85 years and over,,645515,,208300,,437215,
1,Canada,,Marital status,Total population 15 years and over by marital status,6,27869340,,13543130,,14326215,
1,Canada,,Marital status,   Married or living with a common-law partner,,16084490,,8045795,,8038700,
1,Canada,,Marital status,      Married (and not separated),,12941960,,6470300,,6471660,
1,Canada,,Marital status,      Living common law,,3142525,,1575495,,1567035,
1,Canada,,Marital status,   Not married and not living with a common-law partner,,11784855,,5497335,,6287515,
1,Canada,,Marital status,      Single (never legally married),,7816045,,4206320,,3609730,
1,Canada,,Marital status,      Separated,,698240,,299655,,398585,
1,Canada,,Marital status,      Divorced,,1686035,,680415,,1005620,
1,Canada,,Marital status,      Widowed,,1584530,,310940,,1273590,
10,Newfoundland and Labrador,,Population and dwelling counts,Population in 2011,1,514536,,,...,,...
10,Newfoundland and Labrador,,Population and dwelling counts,Population in 2006,1,505469,,,...,,...
10,Newfoundland and Labrador,,Population and dwelling counts,2006 to 2011 population change (%),,1.8,,,...,,...
10,Newfoundland and Labrador,,Population and dwelling counts,Total private dwellings,2,250275,,,...,,...
10,Newfoundland and Labrador,,Population and dwelling counts,Private dwellings occupied by usual residents,3,208842,,,...,,...
10,Newfoundland and Labrador,,Population and dwelling counts,Population density per square kilometre,,1.4,,,...,,...
10,Newfoundland and Labrador,,Population and dwelling counts,Land area (square km),,370510.76,,,...,,...
10,Newfoundland and Labrador,,Age characteristics,Total population by age groups,4,514535,,250570,,263970,
10,Newfoundland and Labrador,,Age characteristics,   0 to 4 years,,24495,,12620,,11875,
10,Newfoundland and Labrador,,Age characteristics,   5 to 9 years,,25105,,12845,,12260,
10,Newfoundland and Labrador,,Age characteristics,   10 to 14 years,,27035,,13795,,13235,
10,Newfoundland and Labrador,,Age characteristics,   15 to 19 years,,29590,,15175,,14410,
10,Newfoundland and Labrador,,Age characteristics,      15 years,,5780,,2940,,2845,
10,Newfoundland and Labrador,,Age characteristics,      16 years,,5845,,3020,,2825,
10,Newfoundland and Labrador,,Age characteristics,      17 years,,5905,,3075,,2830,
10,Newfoundland and Labrador,,Age characteristics,      18 years,,6000,,3060,,2940,
10,Newfoundland and Labrador,,Age characteristics,      19 years,,6060,,3085,,2980,
10,Newfoundland and Labrador,,Age characteristics,   20 to 24 years,,30050,,15075,,14975,
10,Newfoundland and Labrador,,Age characteristics,   25 to 29 years,,28305,,13605,,14705,
10,Newfoundland and Labrador,,Age characteristics,   30 to 34 years,,29275,,13840,,15435,
10,Newfoundland and Labrador,,Age characteristics,   35 to 39 years,,33375,,15895,,17480,
10,Newfoundland and Labrador,,Age characteristics,   40 to 44 years,,38015,,18385,,19630,
10,Newfoundland and Labrador,,Age characteristics,   45 to 49 years,,42225,,20545,,21680,
10,Newfoundland and Labrador,,Age characteristics,   50 to 54 years,,43185,,21075,,22110,
10,Newfoundland and Labrador,,Age characteristics,   55 to 59 years,,42645,,20950,,21695,
10,Newfoundland and Labrador,,Age characteristics,   60 to 64 years,,39135,,19235,,19895,
10,Newfoundland and Labrador,,Age characteristics,   65 to 69 years,,28740,,14100,,14645,
10,Newfoundland and Labrador,,Age characteristics,   70 to 74 years,,20115,,9775,,10340,
10,Newfoundland and Labrador,,Age characteristics,   75 to 79 years,,14620,,6750,,7875,
10,Newfoundland and Labrador,,Age characteristics,   80 to 84 years,,10075,,4110,,5965,
10,Newfoundland and Labrador,,Age characteristics,   85 years and over,,8560,,2800,,5755,
10,Newfoundland and Labrador,,Marital status,Total population 15 years and over by marital status,6,437910,,211305,,226600,
10,Newfoundland and Labrador,,Marital status,   Married or living with a common-law partner,,273040,,136440,,136600,
10,Newfoundland and Labrador,,Marital status,      Married (and not separated),,231745,,115840,,115905,
10,Newfoundland and Labrador,,Marital status,      Living common law,,41295,,20605,,20690,
10,Newfoundland and Labrador,,Marital status,   Not married and not living with a common-law partner,,164865,,74865,,90000,
10,Newfoundland and Labrador,,Marital status,      Single (never legally married),,107375,,56945,,50425,
10,Newfoundland and Labrador,,Marital status,      Separated,,8705,,3755,,4950,
10,Newfoundland and Labrador,,Marital status,      Divorced,,19855,,8545,,11315,
10,Newfoundland and Labrador,,Marital status,      Widowed,,28935,,5620,,23315,
11,Prince Edward Island,,Population and dwelling counts,Population in 2011,1,140204,,,...,,...
11,Prince Edward Island,,Population and dwelling counts,Population in 2006,1,135851,,,...,,...
11,Prince Edward Island,,Population and dwelling counts,2006 to 2011 population change (%),,3.2,,,...,,...
11,Prince Edward Island,,Population and dwelling counts,Total private dwellings,2,66943,,,...,,...
11,Prince Edward Island,,Population and dwelling counts,Private dwellings occupied by usual residents,3,56462,,,...,,...
11,Prince Edward Island,,Population and dwelling counts,Population density per square kilometre,,24.7,,,...,,...
11,Prince Edward Island,,Population and dwelling counts,Land area (square km),,5685.73,,,...,,...
11,Prince Edward Island,,Age characteristics,Total population by age groups,4,140205,,67605,,72605,
11,Prince Edward Island,,Age characteristics,   0 to 4 years,,7275,,3680,,3590,
11,Prince Edward Island,,Age characteristics,   5 to 9 years,,7390,,3700,,3685,
11,Prince Edward Island,,Age characteristics,   10 to 14 years,,8395,,4320,,4080,
11,Prince Edward Island,,Age characteristics,   15 to 19 years,,9650,,4930,,4720,
11,Prince Edward Island,,Age characteristics,      15 years,,1950,,1005,,940,
11,Prince Edward Island,,Age characteristics,      16 years,,1905,,985,,915,
11,Prince Edward Island,,Age characteristics,      17 years,,1870,,950,,915,
11,Prince Edward Island,,Age characteristics,      18 years,,1925,,965,,965,
11,Prince Edward Island,,Age characteristics,      19 years,,2005,,1020,,985,
11,Prince Edward Island,,Age characteristics,   20 to 24 years,,8765,,4325,,4440,
11,Prince Edward Island,,Age characteristics,   25 to 29 years,,7300,,3540,,3765,
11,Prince Edward Island,,Age characteristics,   30 to 34 years,,7585,,3560,,4025,
11,Prince Edward Island,,Age characteristics,   35 to 39 years,,8435,,4015,,4420,
11,Prince Edward Island,,Age characteristics,   40 to 44 years,,9485,,4535,,4955,
11,Prince Edward Island,,Age characteristics,   45 to 49 years,,11230,,5430,,5800,
11,Prince Edward Island,,Age characteristics,   50 to 54 years,,11155,,5320,,5830,
11,Prince Edward Island,,Age characteristics,   55 to 59 years,,10550,,5140,,5405,
11,Prince Edward Island,,Age characteristics,   60 to 64 years,,10205,,4970,,5235,
11,Prince Edward Island,,Age characteristics,   65 to 69 years,,7170,,3500,,3670,
11,Prince Edward Island,,Age characteristics,   70 to 74 years,,5400,,2610,,2790,
11,Prince Edward Island,,Age characteristics,   75 to 79 years,,4295,,1930,,2370,
11,Prince Edward Island,,Age characteristics,   80 to 84 years,,2935,,1210,,1720,
11,Prince Edward Island,,Age characteristics,   85 years and over,,2995,,890,,2105,
11,Prince Edward Island,,Marital status,Total population 15 years and over by marital status,6,117145,,55905,,61245,
11,Prince Edward Island,,Marital status,   Married or living with a common-law partner,,69795,,34825,,34970,
11,Prince Edward Island,,Marital status,      Married (and not separated),,60625,,30255,,30370,
11,Prince Edward Island,,Marital status,      Living common law,,9175,,4570,,4600,
11,Prince Edward Island,,Marital status,   Not married and not living with a common-law partner,,47350,,21080,,26275,
11,Prince Edward Island,,Marital status,      Single (never legally married),,30495,,15900,,14590,
11,Prince Edward Island,,Marital status,      Separated,,3285,,1420,,1870,
11,Prince Edward Island,,Marital status,      Divorced,,6065,,2420,,3640,
11,Prince Edward Island,,Marital status,      Widowed,,7505,,1330,,6170,
12,Nova Scotia,,Population and dwelling counts,Population in 2011,1,921727,,,...,,...
12,Nova Scotia,,Population and dwelling counts,Population in 2006,1,913462,,,...,,...
12,Nova Scotia,,Population and dwelling counts,2006 to 2011 population change (%),,0.9,,,...,,...
12,Nova Scotia,,Population and dwelling counts,Total private dwellings,2,442155,,,...,,...
12,Nova Scotia,,Population and dwelling counts,Private dwellings occupied by usual residents,3,390279,,,...,,...
12,Nova Scotia,,Population and dwelling counts,Population density per square kilometre,,17.4,,,...,,...
12,Nova Scotia,,Population and dwelling counts,Land area (square km),,52939.44,,,...,,...
12,Nova Scotia,,Age characteristics,Total population by age groups,4,921730,,445585,,476140,
12,Nova Scotia,,Age characteristics,   0 to 4 years,,43985,,22565,,21415,
12,Nova Scotia,,Age characteristics,   5 to 9 years,,44425,,22660,,21765,
12,Nova Scotia,,Age characteristics,   10 to 14 years,,49810,,25555,,24260,
12,Nova Scotia,,Age characteristics,   15 to 19 years,,57440,,29235,,28205,
12,Nova Scotia,,Age characteristics,      15 years,,11060,,5555,,5505,
12,Nova Scotia,,Age characteristics,      16 years,,11095,,5690,,5405,
12,Nova Scotia,,Age characteristics,      17 years,,11425,,5800,,5625,
12,Nova Scotia,,Age characteristics,      18 years,,11775,,6065,,5705,
12,Nova Scotia,,Age characteristics,      19 years,,12085,,6125,,5965,
12,Nova Scotia,,Age characteristics,   20 to 24 years,,59620,,30055,,29560,
12,Nova Scotia,,Age characteristics,   25 to 29 years,,51920,,25405,,26515,
12,Nova Scotia,,Age characteristics,   30 to 34 years,,51545,,24470,,27070,
12,Nova Scotia,,Age characteristics,   35 to 39 years,,56380,,26835,,29545,
12,Nova Scotia,,Age characteristics,   40 to 44 years,,62115,,29895,,32220,
12,Nova Scotia,,Age characteristics,   45 to 49 years,,76275,,37010,,39265,
12,Nova Scotia,,Age characteristics,   50 to 54 years,,77465,,37465,,39995,
12,Nova Scotia,,Age characteristics,   55 to 59 years,,70960,,34200,,36760,
12,Nova Scotia,,Age characteristics,   60 to 64 years,,66425,,32310,,34115,
12,Nova Scotia,,Age characteristics,   65 to 69 years,,48920,,23840,,25075,
12,Nova Scotia,,Age characteristics,   70 to 74 years,,36395,,17300,,19095,
12,Nova Scotia,,Age characteristics,   75 to 79 years,,27655,,12460,,15195,
12,Nova Scotia,,Age characteristics,   80 to 84 years,,20015,,8040,,11975,
12,Nova Scotia,,Age characteristics,   85 years and over,,20385,,6285,,14105,
12,Nova Scotia,,Marital status,Total population 15 years and over by marital status,6,783510,,374810,,408700,
12,Nova Scotia,,Marital status,   Married or living with a common-law partner,,453095,,226305,,226790,
12,Nova Scotia,,Marital status,      Married (and not separated),,376020,,187865,,188155,
12,Nova Scotia,,Marital status,      Living common law,,77075,,38440,,38635,
12,Nova Scotia,,Marital status,   Not married and not living with a common-law partner,,330420,,148505,,181915,
12,Nova Scotia,,Marital status,      Single (never legally married),,209180,,109775,,99405,
12,Nova Scotia,,Marital status,      Separated,,23545,,10105,,13445,
12,Nova Scotia,,Marital status,      Divorced,,46065,,18690,,27375,
12,Nova Scotia,,Marital status,      Widowed,,51625,,9940,,41690,
13,New Brunswick,,Population and dwelling counts,Population in 2011,1,751171,,,...,,...
13,New Brunswick,,Population and dwelling counts,Population in 2006,1,729997,,,...,,...
13,New Brunswick,,Population and dwelling counts,2006 to 2011 population change (%),,2.9,,,...,,...
13,New Brunswick,,Population and dwelling counts,Total private dwellings,2,348465,,,...,,...
13,New Brunswick,,Population and dwelling counts,Private dwellings occupied by usual residents,3,314007,,,...,,...
13,New Brunswick,,Population and dwelling counts,Population density per square kilometre,,10.5,,,...,,...
13,New Brunswick,,Population and dwelling counts,Land area (square km),,71377.18,,,...,,...
13,New Brunswick,,Age characteristics,Total population by age groups,4,751170,,366440,,384730,
13,New Brunswick,,Age characteristics,   0 to 4 years,,36525,,18575,,17955,
13,New Brunswick,,Age characteristics,   5 to 9 years,,36660,,18600,,18060,
13,New Brunswick,,Age characteristics,   10 to 14 years,,40390,,20780,,19610,
13,New Brunswick,,Age characteristics,   15 to 19 years,,45845,,23585,,22265,
13,New Brunswick,,Age characteristics,      15 years,,8705,,4485,,4220,
13,New Brunswick,,Age characteristics,      16 years,,9030,,4660,,4365,
13,New Brunswick,,Age characteristics,      17 years,,9270,,4730,,4540,
13,New Brunswick,,Age characteristics,      18 years,,9450,,4900,,4550,
13,New Brunswick,,Age characteristics,      19 years,,9395,,4815,,4585,
13,New Brunswick,,Age characteristics,   20 to 24 years,,44585,,22735,,21850,
13,New Brunswick,,Age characteristics,   25 to 29 years,,41725,,20535,,21190,
13,New Brunswick,,Age characteristics,   30 to 34 years,,43700,,21160,,22540,
13,New Brunswick,,Age characteristics,   35 to 39 years,,48120,,23380,,24740,
13,New Brunswick,,Age characteristics,   40 to 44 years,,51275,,25010,,26265,
13,New Brunswick,,Age characteristics,   45 to 49 years,,61905,,30250,,31650,
13,New Brunswick,,Age characteristics,   50 to 54 years,,62795,,30675,,32115,
13,New Brunswick,,Age characteristics,   55 to 59 years,,59340,,28940,,30400,
13,New Brunswick,,Age characteristics,   60 to 64 years,,54665,,26940,,27725,
13,New Brunswick,,Age characteristics,   65 to 69 years,,39110,,19410,,19695,
13,New Brunswick,,Age characteristics,   70 to 74 years,,29255,,14060,,15190,
13,New Brunswick,,Age characteristics,   75 to 79 years,,22480,,10020,,12460,
13,New Brunswick,,Age characteristics,   80 to 84 years,,16335,,6535,,9795,
13,New Brunswick,,Age characteristics,   85 years and over,,16465,,5240,,11225,
13,New Brunswick,,Marital status,Total population 15 years and over by marital status,6,637590,,308485,,329110,
13,New Brunswick,,Marital status,   Married or living with a common-law partner,,382310,,191050,,191260,
13,New Brunswick,,Marital status,      Married (and not separated),,310310,,155115,,155195,
13,New Brunswick,,Marital status,      Living common law,,72000,,35935,,36070,
13,New Brunswick,,Marital status,   Not married and not living with a common-law partner,,255285,,117440,,137850,
13,New Brunswick,,Marital status,      Single (never legally married),,159760,,86220,,73545,
13,New Brunswick,,Marital status,      Separated,,21035,,9180,,11855,
13,New Brunswick,,Marital status,      Divorced,,32930,,14060,,18870,
13,New Brunswick,,Marital status,      Widowed,,41560,,7985,,33575,
24,Quebec,,Population and dwelling counts,Population in 2011,1,7903001,+,,...,,...
24,Quebec,,Population and dwelling counts,Population in 2006,1,7546131,+,,...,,...
24,Quebec,,Population and dwelling counts,2006 to 2011 population change (%),,4.7,,,...,,...
24,Quebec,,Population and dwelling counts,Total private dwellings,2,3685926,,,...,,...
24,Quebec,,Population and dwelling counts,Private dwellings occupied by usual residents,3,3395343,,,...,,...
24,Quebec,,Population and dwelling counts,Population density per square kilometre,,5.8,,,...,,...
24,Quebec,,Population and dwelling counts,Land area (square km),,1356547.02,,,...,,...
24,Quebec,,Age characteristics,Total population by age groups,4,7903000,,3875860,,4027140,
24,Quebec,,Age characteristics,   0 to 4 years,,440840,,225525,,215320,
24,Quebec,,Age characteristics,   5 to 9 years,,399575,,203675,,195900,
24,Quebec,,Age characteristics,   10 to 14 years,,418205,,213540,,204665,
24,Quebec,,Age characteristics,   15 to 19 years,,491980,,249960,,242020,
24,Quebec,,Age characteristics,      15 years,,93955,,47690,,46265,
24,Quebec,,Age characteristics,      16 years,,96095,,48880,,47210,
24,Quebec,,Age characteristics,      17 years,,97795,,49925,,47875,
24,Quebec,,Age characteristics,      18 years,,100210,,50910,,49305,
24,Quebec,,Age characteristics,      19 years,,103915,,52545,,51370,
24,Quebec,,Age characteristics,   20 to 24 years,,489185,,246850,,242340,
24,Quebec,,Age characteristics,   25 to 29 years,,490665,,245695,,244970,
24,Quebec,,Age characteristics,   30 to 34 years,,531445,,264980,,266460,
24,Quebec,,Age characteristics,   35 to 39 years,,498225,,249610,,248615,
24,Quebec,,Age characteristics,   40 to 44 years,,520805,,261120,,259690,
24,Quebec,,Age characteristics,   45 to 49 years,,623575,,311320,,312250,
24,Quebec,,Age characteristics,   50 to 54 years,,648695,,320695,,327995,
24,Quebec,,Age characteristics,   55 to 59 years,,579280,,285295,,293990,
24,Quebec,,Age characteristics,   60 to 64 years,,512830,,250675,,262155,
24,Quebec,,Age characteristics,   65 to 69 years,,403210,,194305,,208905,
24,Quebec,,Age characteristics,   70 to 74 years,,291755,,135830,,155925,
24,Quebec,,Age characteristics,   75 to 79 years,,232355,,101675,,130680,
24,Quebec,,Age characteristics,   80 to 84 years,,176420,,69170,,107250,
24,Quebec,,Age characteristics,   85 years and over,,153945,,45945,,108005,
24,Quebec,,Marital status,Total population 15 years and over by marital status,6,6644380,,3233120,,3411260,
24,Quebec,,Marital status,   Married or living with a common-law partner,,3745320,,1875415,,1869905,
24,Quebec,,Marital status,      Married (and not separated),,2353770,,1177720,,1176050,
24,Quebec,,Marital status,      Living common law,,1391550,,697695,,693850,
24,Quebec,,Marital status,   Not married and not living with a common-law partner,,2899060,,1357705,,1541360,
24,Quebec,,Marital status,      Single (never legally married),,1942090,,1045540,,896545,
24,Quebec,,Marital status,      Separated,,105195,,46465,,58720,
24,Quebec,,Marital status,      Divorced,,463830,,188265,,275565,
24,Quebec,,Marital status,      Widowed,,387945,,77430,,310515,
35,Ontario,,Population and dwelling counts,Population in 2011,1,12851821,+,,...,,...
35,Ontario,,Population and dwelling counts,Population in 2006,1,12160282,+,,...,,...
35,Ontario,,Population and dwelling counts,2006 to 2011 population change (%),,5.7,,,...,,...
35,Ontario,,Population and dwelling counts,Total private dwellings,2,5308785,,,...,,...
35,Ontario,,Population and dwelling counts,Private dwellings occupied by usual residents,3,4887508,,,...,,...
35,Ontario,,Population and dwelling counts,Population density per square kilometre,,14.1,,,...,,...
35,Ontario,,Population and dwelling counts,Land area (square km),,908607.67,,,...,,...
35,Ontario,,Age characteristics,Total population by age groups,4,12851820,,6263140,,6588685,
35,Ontario,,Age characteristics,   0 to 4 years,,704260,,360590,,343670,
35,Ontario,,Age characteristics,   5 to 9 years,,712755,,365290,,347465,
35,Ontario,,Age characteristics,   10 to 14 years,,763755,,391630,,372125,
35,Ontario,,Age characteristics,   15 to 19 years,,863635,,443680,,419950,
35,Ontario,,Age characteristics,      15 years,,168840,,86700,,82140,
35,Ontario,,Age characteristics,      16 years,,172840,,89195,,83645,
35,Ontario,,Age characteristics,      17 years,,171405,,88230,,83170,
35,Ontario,,Age characteristics,      18 years,,173930,,89225,,84705,
35,Ontario,,Age characteristics,      19 years,,176620,,90330,,86290,
35,Ontario,,Age characteristics,   20 to 24 years,,852910,,432490,,420415,
35,Ontario,,Age characteristics,   25 to 29 years,,815120,,400045,,415075,
35,Ontario,,Age characteristics,   30 to 34 years,,800365,,383340,,417030,
35,Ontario,,Age characteristics,   35 to 39 years,,844335,,405845,,438485,
35,Ontario,,Age characteristics,   40 to 44 years,,924075,,447920,,476155,
35,Ontario,,Age characteristics,   45 to 49 years,,1055880,,517510,,538370,
35,Ontario,,Age characteristics,   50 to 54 years,,1006140,,492560,,513580,
35,Ontario,,Age characteristics,   55 to 59 years,,864620,,418755,,445865,
35,Ontario,,Age characteristics,   60 to 64 years,,765655,,370370,,395275,
35,Ontario,,Age characteristics,   65 to 69 years,,563485,,270875,,292610,
35,Ontario,,Age characteristics,   70 to 74 years,,440780,,206350,,234435,
35,Ontario,,Age characteristics,   75 to 79 years,,356150,,161345,,194805,
35,Ontario,,Age characteristics,   80 to 84 years,,271510,,113620,,157890,
35,Ontario,,Age characteristics,   85 years and over,,246400,,80925,,165475,
35,Ontario,,Marital status,Total population 15 years and over by marital status,6,10671050,,5145630,,5525420,
35,Ontario,,Marital status,   Married or living with a common-law partner,,6158605,,3078940,,3079665,
35,Ontario,,Marital status,      Married (and not separated),,5367400,,2681320,,2686075,
35,Ontario,,Marital status,      Living common law,,791210,,397620,,393590,
35,Ontario,,Marital status,   Not married and not living with a common-law partner,,4512440,,2066690,,2445750,
35,Ontario,,Marital status,      Single (never legally married),,2985020,,1583760,,1401260,
35,Ontario,,Marital status,      Separated,,319805,,133790,,186015,
35,Ontario,,Marital status,      Divorced,,593730,,231160,,362570,
35,Ontario,,Marital status,      Widowed,,613880,,117980,,495905,
46,Manitoba,,Population and dwelling counts,Population in 2011,1,1208268,+,,...,,...
46,Manitoba,,Population and dwelling counts,Population in 2006,1,1148401,,,...,,...
46,Manitoba,,Population and dwelling counts,2006 to 2011 population change (%),,5.2,,,...,,...
46,Manitoba,,Population and dwelling counts,Total private dwellings,2,512689,,,...,,...
46,Manitoba,,Population and dwelling counts,Private dwellings occupied by usual residents,3,466138,,,...,,...
46,Manitoba,,Population and dwelling counts,Population density per square kilometre,,2.2,,,...,,...
46,Manitoba,,Population and dwelling counts,Land area (square km),,552329.52,,,...,,...
46,Manitoba,,Age characteristics,Total population by age groups,4,1208270,,594550,,613715,
46,Manitoba,,Age characteristics,   0 to 4 years,,77185,,39280,,37905,
46,Manitoba,,Age characteristics,   5 to 9 years,,74620,,38380,,36240,
46,Manitoba,,Age characteristics,   10 to 14 years,,79355,,40965,,38395,
46,Manitoba,,Age characteristics,   15 to 19 years,,86215,,44180,,42035,
46,Manitoba,,Age characteristics,      15 years,,17085,,8740,,8345,
46,Manitoba,,Age characteristics,      16 years,,17405,,8925,,8480,
46,Manitoba,,Age characteristics,      17 years,,17570,,9110,,8460,
46,Manitoba,,Age characteristics,      18 years,,16965,,8635,,8330,
46,Manitoba,,Age characteristics,      19 years,,17185,,8770,,8420,
46,Manitoba,,Age characteristics,   20 to 24 years,,82925,,41935,,40990,
46,Manitoba,,Age characteristics,   25 to 29 years,,78185,,38900,,39285,
46,Manitoba,,Age characteristics,   30 to 34 years,,75260,,36995,,38265,
46,Manitoba,,Age characteristics,   35 to 39 years,,75575,,37475,,38095,
46,Manitoba,,Age characteristics,   40 to 44 years,,77770,,38455,,39320,
46,Manitoba,,Age characteristics,   45 to 49 years,,90090,,44695,,45395,
46,Manitoba,,Age characteristics,   50 to 54 years,,89970,,44940,,45025,
46,Manitoba,,Age characteristics,   55 to 59 years,,79770,,39350,,40420,
46,Manitoba,,Age characteristics,   60 to 64 years,,68895,,33730,,35170,
46,Manitoba,,Age characteristics,   65 to 69 years,,50240,,24400,,25840,
46,Manitoba,,Age characteristics,   70 to 74 years,,38425,,18035,,20390,
46,Manitoba,,Age characteristics,   75 to 79 years,,31575,,14100,,17475,
46,Manitoba,,Age characteristics,   80 to 84 years,,25545,,10400,,15145,
46,Manitoba,,Age characteristics,   85 years and over,,26665,,8345,,18320,
46,Manitoba,,Marital status,Total population 15 years and over by marital status,6,977105,,475930,,501175,
46,Manitoba,,Marital status,   Married or living with a common-law partner,,558510,,279295,,279210,
46,Manitoba,,Marital status,      Married (and not separated),,480140,,240170,,239970,
46,Manitoba,,Marital status,      Living common law,,78370,,39125,,39245,
46,Manitoba,,Marital status,   Not married and not living with a common-law partner,,418600,,196640,,221965,
46,Manitoba,,Marital status,      Single (never legally married),,282465,,152410,,130050,
46,Manitoba,,Marital status,      Separated,,23620,,10530,,13090,
46,Manitoba,,Marital status,      Divorced,,52215,,22000,,30215,
46,Manitoba,,Marital status,      Widowed,,60300,,11700,,48610,
47,Saskatchewan,,Population and dwelling counts,Population in 2011,1,1033381,+,,...,,...
47,Saskatchewan,,Population and dwelling counts,Population in 2006,1,968157,+,,...,,...
47,Saskatchewan,,Population and dwelling counts,2006 to 2011 population change (%),,6.7,,,...,,...
47,Saskatchewan,,Population and dwelling counts,Total private dwellings,2,460512,,,...,,...
47,Saskatchewan,,Population and dwelling counts,Private dwellings occupied by usual residents,3,409645,,,...,,...
47,Saskatchewan,,Population and dwelling counts,Population density per square kilometre,,1.8,,,...,,...
47,Saskatchewan,,Population and dwelling counts,Land area (square km),,588239.21,,,...,,...
47,Saskatchewan,,Age characteristics,Total population by age groups,4,1033380,,511555,,521825,
47,Saskatchewan,,Age characteristics,   0 to 4 years,,68760,,35070,,33690,
47,Saskatchewan,,Age characteristics,   5 to 9 years,,63350,,32480,,30865,
47,Saskatchewan,,Age characteristics,   10 to 14 years,,65750,,33465,,32285,
47,Saskatchewan,,Age characteristics,   15 to 19 years,,71760,,36870,,34885,
47,Saskatchewan,,Age characteristics,      15 years,,13910,,7140,,6765,
47,Saskatchewan,,Age characteristics,      16 years,,14465,,7390,,7075,
47,Saskatchewan,,Age characteristics,      17 years,,14405,,7425,,6985,
47,Saskatchewan,,Age characteristics,      18 years,,14540,,7505,,7040,
47,Saskatchewan,,Age characteristics,      19 years,,14430,,7420,,7015,
47,Saskatchewan,,Age characteristics,   20 to 24 years,,72610,,37135,,35470,
47,Saskatchewan,,Age characteristics,   25 to 29 years,,70395,,35510,,34885,
47,Saskatchewan,,Age characteristics,   30 to 34 years,,65340,,32750,,32590,
47,Saskatchewan,,Age characteristics,   35 to 39 years,,61150,,30265,,30880,
47,Saskatchewan,,Age characteristics,   40 to 44 years,,61475,,30550,,30920,
47,Saskatchewan,,Age characteristics,   45 to 49 years,,74630,,36820,,37810,
47,Saskatchewan,,Age characteristics,   50 to 54 years,,77480,,38855,,38625,
47,Saskatchewan,,Age characteristics,   55 to 59 years,,70050,,35185,,34865,
47,Saskatchewan,,Age characteristics,   60 to 64 years,,56945,,28305,,28645,
47,Saskatchewan,,Age characteristics,   65 to 69 years,,41500,,20445,,21055,
47,Saskatchewan,,Age characteristics,   70 to 74 years,,33820,,16050,,17770,
47,Saskatchewan,,Age characteristics,   75 to 79 years,,28950,,13200,,15750,
47,Saskatchewan,,Age characteristics,   80 to 84 years,,23955,,10165,,13795,
47,Saskatchewan,,Age characteristics,   85 years and over,,25475,,8435,,17035,
47,Saskatchewan,,Marital status,Total population 15 years and over by marital status,6,835525,,410545,,424980,
47,Saskatchewan,,Marital status,   Married or living with a common-law partner,,487980,,244485,,243495,
47,Saskatchewan,,Marital status,      Married (and not separated),,416355,,208700,,207655,
47,Saskatchewan,,Marital status,      Living common law,,71630,,35785,,35845,
47,Saskatchewan,,Marital status,   Not married and not living with a common-law partner,,347535,,166055,,181480,
47,Saskatchewan,,Marital status,      Single (never legally married),,232160,,128325,,103835,
47,Saskatchewan,,Marital status,      Separated,,18210,,8220,,9990,
47,Saskatchewan,,Marital status,      Divorced,,43665,,19500,,24170,
47,Saskatchewan,,Marital status,      Widowed,,53500,,10015,,43490,
48,Alberta,,Population and dwelling counts,Population in 2011,1,3645257,+,,...,,...
48,Alberta,,Population and dwelling counts,Population in 2006,1,3290350,+,,...,,...
48,Alberta,,Population and dwelling counts,2006 to 2011 population change (%),,10.8,,,...,,...
48,Alberta,,Population and dwelling counts,Total private dwellings,2,1505007,,,...,,...
48,Alberta,,Population and dwelling counts,Private dwellings occupied by usual residents,3,1390275,,,...,,...
48,Alberta,,Population and dwelling counts,Population density per square kilometre,,5.7,,,...,,...
48,Alberta,,Population and dwelling counts,Land area (square km),,640081.87,,,...,,...
48,Alberta,,Age characteristics,Total population by age groups,4,3645260,,1827815,,1817440,
48,Alberta,,Age characteristics,   0 to 4 years,,244880,,125665,,119210,
48,Alberta,,Age characteristics,   5 to 9 years,,218990,,112005,,106990,
48,Alberta,,Age characteristics,   10 to 14 years,,220920,,113415,,107505,
48,Alberta,,Age characteristics,   15 to 19 years,,238205,,122065,,116145,
48,Alberta,,Age characteristics,      15 years,,46985,,23995,,22995,
48,Alberta,,Age characteristics,      16 years,,47235,,24330,,22910,
48,Alberta,,Age characteristics,      17 years,,47280,,24370,,22910,
48,Alberta,,Age characteristics,      18 years,,47780,,24435,,23345,
48,Alberta,,Age characteristics,      19 years,,48920,,24935,,23985,
48,Alberta,,Age characteristics,   20 to 24 years,,258475,,131510,,126965,
48,Alberta,,Age characteristics,   25 to 29 years,,288735,,146330,,142405,
48,Alberta,,Age characteristics,   30 to 34 years,,274390,,138600,,135795,
48,Alberta,,Age characteristics,   35 to 39 years,,260135,,131810,,128325,
48,Alberta,,Age characteristics,   40 to 44 years,,258515,,130630,,127890,
48,Alberta,,Age characteristics,   45 to 49 years,,280635,,140575,,140060,
48,Alberta,,Age characteristics,   50 to 54 years,,279705,,141370,,138335,
48,Alberta,,Age characteristics,   55 to 59 years,,233785,,118750,,115030,
48,Alberta,,Age characteristics,   60 to 64 years,,182160,,90975,,91185,
48,Alberta,,Age characteristics,   65 to 69 years,,125700,,61790,,63905,
48,Alberta,,Age characteristics,   70 to 74 years,,94775,,45220,,49555,
48,Alberta,,Age characteristics,   75 to 79 years,,76040,,35205,,40835,
48,Alberta,,Age characteristics,   80 to 84 years,,57725,,24810,,32915,
48,Alberta,,Age characteristics,   85 years and over,,51485,,17095,,34390,
48,Alberta,,Marital status,Total population 15 years and over by marital status,6,2960470,,1476730,,1483735,
48,Alberta,,Marital status,   Married or living with a common-law partner,,1756855,,881840,,875015,
48,Alberta,,Marital status,      Married (and not separated),,1484700,,745670,,739035,
48,Alberta,,Marital status,      Living common law,,272155,,136180,,135980,
48,Alberta,,Marital status,   Not married and not living with a common-law partner,,1203610,,594890,,608725,
48,Alberta,,Marital status,      Single (never legally married),,823935,,460575,,363355,
48,Alberta,,Marital status,      Separated,,70860,,31685,,39170,
48,Alberta,,Marital status,      Divorced,,177375,,75875,,101500,
48,Alberta,,Marital status,      Widowed,,131440,,26745,,104695,
59,British Columbia,,Population and dwelling counts,Population in 2011,1,4400057,+,,...,,...
59,British Columbia,,Population and dwelling counts,Population in 2006,1,4113487,+,,...,,...
59,British Columbia,,Population and dwelling counts,2006 to 2011 population change (%),,7,,,...,,...
59,British Columbia,,Population and dwelling counts,Total private dwellings,2,1945365,,,...,,...
59,British Columbia,,Population and dwelling counts,Private dwellings occupied by usual residents,3,1764637,,,...,,...
59,British Columbia,,Population and dwelling counts,Population density per square kilometre,,4.8,,,...,,...
59,British Columbia,,Population and dwelling counts,Land area (square km),,922509.29,,,...,,...
59,British Columbia,,Age characteristics,Total population by age groups,4,4400055,,2156600,,2243455,
59,British Columbia,,Age characteristics,   0 to 4 years,,219665,,112885,,106775,
59,British Columbia,,Age characteristics,   5 to 9 years,,218915,,112200,,106715,
59,British Columbia,,Age characteristics,   10 to 14 years,,238780,,122465,,116315,
59,British Columbia,,Age characteristics,   15 to 19 years,,275165,,141670,,133500,
59,British Columbia,,Age characteristics,      15 years,,53725,,27620,,26110,
59,British Columbia,,Age characteristics,      16 years,,54885,,28475,,26410,
59,British Columbia,,Age characteristics,      17 years,,55400,,28510,,26885,
59,British Columbia,,Age characteristics,      18 years,,55380,,28425,,26955,
59,British Columbia,,Age characteristics,      19 years,,55785,,28640,,27140,
59,British Columbia,,Age characteristics,   20 to 24 years,,279825,,142290,,137535,
59,British Columbia,,Age characteristics,   25 to 29 years,,288780,,143475,,145305,
59,British Columbia,,Age characteristics,   30 to 34 years,,275985,,135220,,140755,
59,British Columbia,,Age characteristics,   35 to 39 years,,280870,,135455,,145415,
59,British Columbia,,Age characteristics,   40 to 44 years,,313765,,151430,,162335,
59,British Columbia,,Age characteristics,   45 to 49 years,,350600,,170580,,180020,
59,British Columbia,,Age characteristics,   50 to 54 years,,354610,,172060,,182550,
59,British Columbia,,Age characteristics,   55 to 59 years,,323335,,157455,,165880,
59,British Columbia,,Age characteristics,   60 to 64 years,,291040,,142645,,148395,
59,British Columbia,,Age characteristics,   65 to 69 years,,210900,,103785,,107115,
59,British Columbia,,Age characteristics,   70 to 74 years,,160715,,77350,,83360,
59,British Columbia,,Age characteristics,   75 to 79 years,,127480,,60720,,66760,
59,British Columbia,,Age characteristics,   80 to 84 years,,96945,,42745,,54200,
59,British Columbia,,Age characteristics,   85 years and over,,92675,,32150,,60520,
59,British Columbia,,Marital status,Total population 15 years and over by marital status,6,3722695,,1809045,,1913650,
59,British Columbia,,Marital status,   Married or living with a common-law partner,,2154575,,1074965,,1079610,
59,British Columbia,,Marital status,      Married (and not separated),,1832605,,913430,,919175,
59,British Columbia,,Marital status,      Living common law,,321965,,161530,,160435,
59,British Columbia,,Marital status,   Not married and not living with a common-law partner,,1568120,,734075,,834040,
59,British Columbia,,Marital status,      Single (never legally married),,1014270,,550830,,463435,
59,British Columbia,,Marital status,      Separated,,102040,,43570,,58470,
59,British Columbia,,Marital status,      Divorced,,246515,,98130,,148385,
59,British Columbia,,Marital status,      Widowed,,205300,,41550,,163750,
60,Yukon,,Population and dwelling counts,Population in 2011,1,33897,,,...,,...
60,Yukon,,Population and dwelling counts,Population in 2006,1,30372,,,...,,...
60,Yukon,,Population and dwelling counts,2006 to 2011 population change (%),,11.6,,,...,,...
60,Yukon,,Population and dwelling counts,Total private dwellings,2,16259,,,...,,...
60,Yukon,,Population and dwelling counts,Private dwellings occupied by usual residents,3,14117,,,...,,...
60,Yukon,,Population and dwelling counts,Population density per square kilometre,,0.1,,,...,,...
60,Yukon,,Population and dwelling counts,Land area (square km),,474712.64,,,...,,...
60,Yukon,,Age characteristics,Total population by age groups,4,33900,,17060,,16840,
60,Yukon,,Age characteristics,   0 to 4 years,,1975,,1020,,955,
60,Yukon,,Age characteristics,   5 to 9 years,,1900,,970,,930,
60,Yukon,,Age characteristics,   10 to 14 years,,1980,,1025,,960,
60,Yukon,,Age characteristics,   15 to 19 years,,2210,,1140,,1075,
60,Yukon,,Age characteristics,      15 years,,410,,195,,210,
60,Yukon,,Age characteristics,      16 years,,425,,210,,220,
60,Yukon,,Age characteristics,      17 years,,435,,235,,205,
60,Yukon,,Age characteristics,      18 years,,475,,240,,235,
60,Yukon,,Age characteristics,      19 years,,455,,255,,200,
60,Yukon,,Age characteristics,   20 to 24 years,,2225,,1160,,1065,
60,Yukon,,Age characteristics,   25 to 29 years,,2375,,1180,,1195,
60,Yukon,,Age characteristics,   30 to 34 years,,2295,,1075,,1220,
60,Yukon,,Age characteristics,   35 to 39 years,,2425,,1155,,1270,
60,Yukon,,Age characteristics,   40 to 44 years,,2440,,1175,,1265,
60,Yukon,,Age characteristics,   45 to 49 years,,2905,,1365,,1545,
60,Yukon,,Age characteristics,   50 to 54 years,,3175,,1600,,1575,
60,Yukon,,Age characteristics,   55 to 59 years,,2775,,1435,,1340,
60,Yukon,,Age characteristics,   60 to 64 years,,2115,,1115,,1000,
60,Yukon,,Age characteristics,   65 to 69 years,,1300,,740,,560,
60,Yukon,,Age characteristics,   70 to 74 years,,755,,420,,340,
60,Yukon,,Age characteristics,   75 to 79 years,,515,,240,,270,
60,Yukon,,Age characteristics,   80 to 84 years,,300,,150,,150,
60,Yukon,,Age characteristics,   85 years and over,,230,,95,,135,
60,Yukon,,Marital status,Total population 15 years and over by marital status,6,28035,,14040,,13995,
60,Yukon,,Marital status,   Married or living with a common-law partner,,15260,,7620,,7645,
60,Yukon,,Marital status,      Married (and not separated),,10545,,5280,,5265,
60,Yukon,,Marital status,      Living common law,,4715,,2340,,2380,
60,Yukon,,Marital status,   Not married and not living with a common-law partner,,12775,,6420,,6350,
60,Yukon,,Marital status,      Single (never legally married),,8875,,4810,,4065,
60,Yukon,,Marital status,      Separated,,810,,385,,425,
60,Yukon,,Marital status,      Divorced,,2080,,970,,1105,
60,Yukon,,Marital status,      Widowed,,1010,,255,,755,
61,Northwest Territories,,Population and dwelling counts,Population in 2011,1,41462,,,...,,...
61,Northwest Territories,,Population and dwelling counts,Population in 2006,1,41464,,,...,,...
61,Northwest Territories,,Population and dwelling counts,2006 to 2011 population change (%),,0,,,...,,...
61,Northwest Territories,,Population and dwelling counts,Total private dwellings,2,17175,,,...,,...
61,Northwest Territories,,Population and dwelling counts,Private dwellings occupied by usual residents,3,14700,,,...,,...
61,Northwest Territories,,Population and dwelling counts,Population density per square kilometre,,0,,,...,,...
61,Northwest Territories,,Population and dwelling counts,Land area (square km),,1143793.47,,,...,,...
61,Northwest Territories,,Age characteristics,Total population by age groups,4,41460,,21065,,20400,
61,Northwest Territories,,Age characteristics,   0 to 4 years,,3285,,1655,,1630,
61,Northwest Territories,,Age characteristics,   5 to 9 years,,2860,,1435,,1425,
61,Northwest Territories,,Age characteristics,   10 to 14 years,,2865,,1450,,1420,
61,Northwest Territories,,Age characteristics,   15 to 19 years,,3390,,1765,,1625,
61,Northwest Territories,,Age characteristics,      15 years,,695,,355,,345,
61,Northwest Territories,,Age characteristics,      16 years,,640,,360,,285,
61,Northwest Territories,,Age characteristics,      17 years,,675,,355,,325,
61,Northwest Territories,,Age characteristics,      18 years,,685,,360,,330,
61,Northwest Territories,,Age characteristics,      19 years,,685,,340,,345,
61,Northwest Territories,,Age characteristics,   20 to 24 years,,3340,,1690,,1650,
61,Northwest Territories,,Age characteristics,   25 to 29 years,,3440,,1770,,1675,
61,Northwest Territories,,Age characteristics,   30 to 34 years,,3305,,1625,,1680,
61,Northwest Territories,,Age characteristics,   35 to 39 years,,2985,,1445,,1535,
61,Northwest Territories,,Age characteristics,   40 to 44 years,,3035,,1535,,1500,
61,Northwest Territories,,Age characteristics,   45 to 49 years,,3380,,1695,,1685,
61,Northwest Territories,,Age characteristics,   50 to 54 years,,3105,,1615,,1490,
61,Northwest Territories,,Age characteristics,   55 to 59 years,,2390,,1255,,1135,
61,Northwest Territories,,Age characteristics,   60 to 64 years,,1680,,915,,765,
61,Northwest Territories,,Age characteristics,   65 to 69 years,,980,,555,,425,
61,Northwest Territories,,Age characteristics,   70 to 74 years,,580,,280,,305,
61,Northwest Territories,,Age characteristics,   75 to 79 years,,400,,200,,200,
61,Northwest Territories,,Age characteristics,   80 to 84 years,,240,,105,,130,
61,Northwest Territories,,Age characteristics,   85 years and over,,200,,80,,120,
61,Northwest Territories,,Marital status,Total population 15 years and over by marital status,6,32455,,16525,,15925,
61,Northwest Territories,,Marital status,   Married or living with a common-law partner,,17670,,8845,,8825,
61,Northwest Territories,,Marital status,      Married (and not separated),,11375,,5715,,5655,
61,Northwest Territories,,Marital status,      Living common law,,6295,,3130,,3165,
61,Northwest Territories,,Marital status,   Not married and not living with a common-law partner,,14785,,7685,,7100,
61,Northwest Territories,,Marital status,      Single (never legally married),,11785,,6475,,5315,
61,Northwest Territories,,Marital status,      Separated,,785,,370,,410,
61,Northwest Territories,,Marital status,      Divorced,,1300,,615,,685,
61,Northwest Territories,,Marital status,      Widowed,,915,,230,,690,
62,Nunavut,,Population and dwelling counts,Population in 2011,1,31906,,,...,,...
62,Nunavut,,Population and dwelling counts,Population in 2006,1,29474,,,...,,...
62,Nunavut,,Population and dwelling counts,2006 to 2011 population change (%),,8.3,,,...,,...
62,Nunavut,,Population and dwelling counts,Total private dwellings,2,10077,,,...,,...
62,Nunavut,,Population and dwelling counts,Private dwellings occupied by usual residents,3,8661,,,...,,...
62,Nunavut,,Population and dwelling counts,Population density per square kilometre,,0,,,...,,...
62,Nunavut,,Population and dwelling counts,Land area (square km),,1877787.62,,,...,,...
62,Nunavut,,Age characteristics,Total population by age groups,4,31910,,16395,,15510,
62,Nunavut,,Age characteristics,   0 to 4 years,,3970,,2020,,1950,
62,Nunavut,,Age characteristics,   5 to 9 years,,3345,,1720,,1620,
62,Nunavut,,Age characteristics,   10 to 14 years,,3115,,1595,,1515,
62,Nunavut,,Age characteristics,   15 to 19 years,,3060,,1595,,1470,
62,Nunavut,,Age characteristics,      15 years,,650,,340,,305,
62,Nunavut,,Age characteristics,      16 years,,620,,320,,305,
62,Nunavut,,Age characteristics,      17 years,,630,,315,,315,
62,Nunavut,,Age characteristics,      18 years,,575,,325,,255,
62,Nunavut,,Age characteristics,      19 years,,585,,300,,290,
62,Nunavut,,Age characteristics,   20 to 24 years,,2935,,1535,,1400,
62,Nunavut,,Age characteristics,   25 to 29 years,,2630,,1285,,1340,
62,Nunavut,,Age characteristics,   30 to 34 years,,2420,,1195,,1225,
62,Nunavut,,Age characteristics,   35 to 39 years,,1925,,1000,,925,
62,Nunavut,,Age characteristics,   40 to 44 years,,2095,,1080,,1010,
62,Nunavut,,Age characteristics,   45 to 49 years,,1815,,925,,890,
62,Nunavut,,Age characteristics,   50 to 54 years,,1500,,795,,705,
62,Nunavut,,Age characteristics,   55 to 59 years,,1140,,590,,550,
62,Nunavut,,Age characteristics,   60 to 64 years,,905,,495,,410,
62,Nunavut,,Age characteristics,   65 to 69 years,,470,,265,,200,
62,Nunavut,,Age characteristics,   70 to 74 years,,290,,155,,135,
62,Nunavut,,Age characteristics,   75 to 79 years,,185,,105,,85,
62,Nunavut,,Age characteristics,   80 to 84 years,,75,,30,,50,
62,Nunavut,,Age characteristics,   85 years and over,,40,,20,,20,
62,Nunavut,,Marital status,Total population 15 years and over by marital status,6,21480,,11060,,10425,
62,Nunavut,,Marital status,   Married or living with a common-law partner,,11475,,5770,,5715,
62,Nunavut,,Marital status,      Married (and not separated),,6385,,3225,,3155,
62,Nunavut,,Marital status,      Living common law,,5095,,2540,,2555,
62,Nunavut,,Marital status,   Not married and not living with a common-law partner,,10005,,5295,,4710,
62,Nunavut,,Marital status,      Single (never legally married),,8645,,4755,,3885,
62,Nunavut,,Marital status,      Separated,,350,,175,,180,
62,Nunavut,,Marital status,      Divorced,,405,,185,,220,
62,Nunavut,,Marital status,      Widowed,,600,,175,,430,
